HomeCornersAvg,AwayCornersAvg,HomeYellowAvg,AwayYellowAvg,CornersOver9_5,CardsOver4_5
25,4.04,4.2,59,0,0
33,3.52,5.18,67,1,0
27,3.79,4.04,75,0,1
33,5.13,4.36,83,1,1
35,4.46,6.29,71,1,0
33,4.89,4.45,75,1,1
25,4.91,4.2,77,0,1
34,6.67,5.26,88,1,1
21,5.0,3.67,73,0,0
28,3.79,5.0,75,1,1
28,3.92,3.89,67,1,0
34,3.83,5.35,88,1,1
22,4.42,3.14,71,0,0
24,4.09,5.88,73,0,1
34,5.75,4.38,86,1,1
23,3.1,5.87,71,0,0
26,3.56,4.46,59,0,0
34,3.79,5.82,71,1,0
27,6.3,5.48,82,1,1
28,5.19,5.71,67,1,0
24,3.42,6.0,88,0,1
24,3.79,4.29,46,0,0
24,5.13,7.63,83,0,1
24,5.08,3.67,71,0,0
35,4.04,4.14,64,1,0
28,3.93,5.04,57,1,0
34,4.57,4.29,75,1,1
27,5.69,5.96,97,1,1
28,4.09,3.96,73,1,0
35,3.58,4.86,79,1,1
33,4.08,5.18,79,1,1
26,4.96,4.12,75,0,1
25,4.08,4.12,79,0,1
35,3.93,6.63,63,1,0
21,3.44,5.57,88,0,1
24,5.69,5.96,86,0,1
26,6.11,4.46,68,1,0
24,4.86,5.88,71,0,0
28,4.36,6.11,64,1,0
27,4.88,2.78,71,1,0
33,3.93,4.45,59,1,0
27,5.0,5.59,74,1,1
27,4.93,4.81,70,1,0
24,5.21,4.88,63,0,0
25,4.86,5.0,71,0,0
27,4.93,5.11,78,1,1
27,7.48,4.07,84,1,1
35,5.44,5.49,84,1,1
28,5.0,4.86,77,1,1
28,5.36,5.29,80,1,1
26,4.21,4.96,61,0,0
25,5.18,3.76,82,0,1
25,5.44,5.32,94,0,1
34,5.82,4.91,76,1,1
27,4.85,4.41,65,1,0
27,5.46,4.52,54,1,0
23,3.77,3.87,59,0,0
25,4.36,3.44,80,0,1
24,3.85,4.0,65,0,0
24,5.89,4.63,81,0,1
26,5.39,5.27,82,1,1
23,4.21,5.13,61,0,0
33,3.78,5.12,74,1,1
27,4.78,5.26,70,1,0
28,4.78,5.43,85,1,1
35,5.74,5.4,81,1,1
24,4.96,4.13,75,0,1
34,5.13,5.06,79,1,1
24,4.08,6.08,79,0,1
33,4.52,5.18,81,1,1
21,4.46,3.67,77,0,1
27,6.17,5.52,71,1,0
26,6.83,4.12,83,1,1
34,4.09,5.29,73,1,0
27,6.79,4.78,93,1,1
33,5.09,5.27,74,1,1
34,5.08,4.79,88,1,1
24,4.79,5.46,68,0,0
28,5.45,5.29,67,1,0
34,4.91,6.18,45,1,0
24,4.55,4.25,67,0,0
27,5.71,5.52,79,1,1
35,4.89,4.86,75,1,1
27,3.92,4.52,67,0,0
35,5.48,4.54,71,1,0
25,5.7,3.68,61,0,0
24,4.91,6.04,45,0,0
25,6.37,2.92,74,1,0
24,5.26,3.92,82,0,1
35,5.59,3.09,85,1,1
34,4.81,5.82,85,1,1
27,4.58,5.41,63,1,0
27,4.93,4.0,78,1,1
35,4.82,5.0,79,1,1
24,4.34,4.58,74,0,0
27,5.46,4.52,71,1,0
35,4.76,5.63,68,1,0
27,5.71,5.07,79,1,1
22,5.18,5.09,82,0,1
32,4.43,4.59,48,1,0
27,4.83,4.52,67,1,0
28,5.12,4.32,76,1,1
27,4.92,2.78,83,1,1
24,4.91,4.79,68,0,0
27,3.92,5.85,67,0,0
25,4.93,5.68,68,0,0
26,4.85,4.54,56,0,0
25,6.73,5.08,81,1,1
24,4.97,4.38,77,0,1
24,5.43,4.88,76,0,1
24,5.44,5.88,84,0,1
22,4.29,4.5,58,0,0
27,4.27,5.19,58,0,0
27,3.62,5.33,54,0,0
34,3.93,4.91,59,1,0
33,4.21,5.33,61,1,0
27,5.38,4.48,77,1,1
24,4.93,5.88,78,0,1
33,3.61,5.76,78,1,1
28,5.77,3.71,64,1,0
27,5.08,5.26,88,1,1
24,4.81,5.21,85,0,1
27,4.36,4.33,80,1,1
33,4.06,5.85,79,1,1
25,4.66,3.68,80,0,1
22,3.79,3.68,71,0,0
24,6.37,5.71,74,0,1
35,5.48,5.0,71,1,0
32,4.48,4.59,74,1,0
25,5.26,4.68,63,0,0
35,5.77,4.66,64,1,0
24,4.0,4.5,70,0,0
28,4.81,5.36,85,1,1
32,5.18,4.59,61,1,0
34,5.89,4.79,81,1,1
28,4.41,5.18,74,1,1
24,4.42,4.75,58,0,0
24,4.82,2.96,79,0,1
27,5.45,3.63,79,1,1
23,5.0,2.57,74,0,0
27,5.46,3.89,86,1,1
24,4.63,3.92,79,0,1
21,4.14,5.76,52,0,0
29,5.71,5.59,79,1,1
24,3.7,4.08,70,0,0
24,5.04,6.17,56,0,0
33,7.0,3.79,75,1,1
28,6.11,3.96,68,1,0
27,4.85,4.04,56,1,0
24,4.92,4.38,83,0,1
28,4.2,5.25,76,1,1
24,4.42,6.17,83,0,1
28,4.59,4.32,79,1,1
34,5.7,4.88,61,1,0
28,5.48,5.43,68,1,0
26,3.83,4.96,88,0,1
34,5.6,5.21,86,1,1
28,4.27,5.0,62,1,0
27,3.17,5.93,67,0,0
32,3.56,4.59,59,1,0
26,5.04,4.12,56,0,0
28,4.52,4.64,62,1,0
27,4.78,4.33,70,1,0
34,4.27,4.53,58,1,0
31,5.26,5.71,63,1,0
27,4.54,5.33,68,1,0
26,3.93,4.69,59,0,0
23,4.03,3.7,74,0,0
25,5.13,4.96,74,0,1
24,4.2,5.96,76,0,1
28,4.91,5.43,68,1,0
28,3.83,4.64,88,1,1
28,5.89,6.11,81,1,1
35,3.46,5.51,71,1,0
27,4.0,5.19,58,0,0
22,3.79,3.14,46,0,0
24,3.77,5.0,89,0,1
27,4.55,3.89,67,1,0
24,5.21,4.5,63,0,0
27,4.86,5.33,71,1,0
35,5.09,5.2,74,1,1
27,5.67,4.7,86,1,1
24,6.67,5.96,88,0,1
35,4.93,4.66,74,1,0
25,5.0,5.68,74,0,1
27,7.32,4.44,88,1,1
27,4.93,4.7,70,1,0
27,5.96,4.48,74,1,0
27,4.38,4.7,71,1,0
27,4.07,4.52,48,0,0
21,5.14,5.76,77,0,1
27,5.21,4.7,73,1,0
25,5.13,3.44,79,0,1
27,7.0,2.96,75,1,0
26,4.31,5.42,77,0,1
24,3.62,4.0,43,0,0
21,5.09,6.05,74,0,1
28,4.03,4.93,74,1,1
28,4.92,4.64,83,1,1
24,5.39,6.17,82,0,1
27,4.41,2.96,59,1,0
28,4.0,5.29,70,1,0
27,4.83,5.19,67,1,0
27,4.09,5.26,48,0,0
27,5.83,3.89,71,1,0
23,4.43,3.7,48,0,0
25,4.96,5.92,81,0,1
24,3.93,6.42,57,0,0
28,4.91,4.79,71,1,0
24,5.14,5.04,86,0,1
26,4.38,4.73,71,0,0
24,5.48,5.21,70,0,0
27,3.17,5.48,69,0,0
34,4.27,6.18,58,1,0
27,4.31,5.3,80,1,1
24,3.46,4.5,61,0,0
23,3.61,3.7,78,0,1
25,4.71,6.0,80,0,1
27,4.65,4.59,62,1,0
35,4.89,4.6,75,1,1
24,4.63,4.79,79,0,1
24,3.77,4.25,89,0,1
21,4.25,5.76,71,0,0
27,4.93,5.48,68,1,0
26,3.17,4.69,67,0,0
24,3.7,4.79,70,0,0
27,5.26,5.52,74,1,1
26,4.33,4.77,71,0,0
24,6.67,4.79,88,0,1
35,4.36,5.46,64,1,0
27,5.71,4.85,79,1,1
27,5.77,5.93,64,1,0
33,4.82,4.15,64,1,0
24,5.4,5.46,77,0,1
27,3.93,5.41,59,0,0
24,4.86,5.63,71,0,0
35,4.5,4.51,63,1,0
26,4.86,4.96,71,0,0
22,5.0,4.5,75,0,1
33,5.48,4.21,68,1,0
27,3.42,5.52,88,0,1
27,6.94,4.59,94,1,1
34,6.52,4.68,74,1,1
27,5.45,5.19,79,1,1
25,4.83,3.44,86,0,1
24,5.48,6.08,70,0,0
24,5.04,4.25,56,0,0
24,4.56,4.79,59,0,0
29,4.08,3.24,67,1,0
27,4.29,3.89,63,1,0
35,4.18,3.09,68,1,0
27,6.19,5.33,76,1,1
22,4.04,4.5,64,0,0
26,4.29,4.77,71,0,0
24,3.78,6.08,74,0,1
33,4.0,5.27,63,1,0
24,4.82,5.88,79,0,1
22,5.34,3.14,72,0,0
24,4.09,4.0,59,0,0
27,3.62,3.81,43,0,0
24,5.17,4.29,61,0,0
31,3.42,5.71,88,1,1
34,3.78,3.15,74,1,0
27,4.37,4.7,63,1,0
33,6.19,5.94,76,1,1
26,4.96,4.96,75,0,1
24,5.13,4.25,83,0,1
33,6.19,5.33,76,1,1
34,5.42,4.68,88,1,1
22,5.48,4.5,71,0,0
22,4.78,5.09,85,0,1
24,6.67,5.46,88,0,1
27,4.0,4.52,70,0,0
23,5.07,5.13,81,0,1
35,5.33,5.63,79,1,1
33,5.36,5.27,56,1,0
25,4.96,6.8,75,0,1
24,5.96,4.29,83,0,1
21,3.44,4.29,88,0,1
27,6.34,5.07,83,1,1
24,4.93,6.0,78,0,1
24,3.7,6.08,70,0,0
27,4.85,2.78,56,1,0
27,5.75,4.48,86,1,1
27,4.29,5.93,58,1,0
26,5.04,4.54,56,0,0
28,5.59,5.5,85,1,1
24,4.91,3.67,71,0,0
27,4.0,3.96,58,0,0
28,7.0,4.71,75,1,1
24,4.18,3.79,68,0,0
24,5.04,5.25,56,0,0
35,4.17,6.63,63,1,0
25,4.71,5.32,63,0,0
27,4.29,4.33,71,1,0
28,5.63,3.71,58,1,0
23,5.4,3.65,92,0,1
24,5.27,6.0,77,0,1
34,4.92,5.21,83,1,1
35,3.48,4.6,78,1,1
24,4.88,6.17,71,0,0
27,4.65,6.07,62,1,0
24,4.21,6.08,61,0,0
26,5.41,4.77,84,1,1
24,4.3,2.5,78,0,1
34,5.31,4.91,80,1,1
28,4.27,5.71,65,1,0
34,4.27,4.29,65,1,0
25,5.24,4.4,64,0,0
27,5.82,5.19,89,1,1
26,4.09,5.42,54,0,0
28,5.26,4.71,74,1,1
23,3.78,4.52,67,0,0
27,4.46,2.7,71,1,0
22,3.78,4.5,67,0,0
27,5.08,5.33,71,1,0
29,4.41,3.24,59,1,0
34,4.71,6.18,63,1,0
28,5.49,5.57,74,1,1
26,5.13,4.58,74,0,0
32,4.64,4.72,79,1,1
22,5.5,4.5,75,0,1
35,4.29,4.86,63,1,0
31,6.94,5.71,94,1,1
33,4.88,5.12,68,1,0
35,5.36,4.14,56,1,0
24,6.52,4.29,74,0,0
24,4.42,4.0,58,0,0
23,5.38,6.3,71,0,0
27,5.0,5.93,73,1,1
24,4.67,3.25,71,0,0
28,5.5,4.54,75,1,1
22,4.47,5.5,68,0,0
24,4.33,4.0,50,0,0
35,4.42,4.83,83,1,1
23,5.42,6.3,88,0,1
33,4.92,4.79,83,1,1
34,4.97,6.18,77,1,1
28,3.71,6.29,88,1,1
27,5.48,5.63,52,1,0
24,6.52,5.83,65,0,0
35,4.52,4.51,70,1,0
28,4.34,5.07,74,1,1
34,4.52,4.76,70,1,0
35,4.69,5.03,77,1,1
33,3.42,5.94,71,1,0
24,4.78,6.04,85,0,1
24,4.85,3.67,56,0,0
28,4.82,5.5,79,1,1
33,4.66,4.15,80,1,1
28,4.64,3.96,79,1,1
25,3.78,5.92,67,0,0
24,4.29,3.46,63,0,0
24,4.67,4.33,71,0,0
23,5.13,2.57,83,0,1
27,4.04,5.11,59,0,0
26,4.63,6.58,79,0,1
27,5.92,3.63,71,1,0
27,5.69,6.22,86,1,1
35,5.15,4.57,71,1,0
21,4.3,4.29,78,0,1
25,5.4,5.32,77,0,1
27,4.41,5.07,74,1,1
28,4.42,5.18,76,1,1
25,4.41,3.76,78,0,1
21,4.46,5.19,71,0,0
27,5.77,5.63,64,1,0
21,6.3,3.67,82,0,1
24,5.77,5.83,64,0,0
35,5.15,6.63,70,1,0
22,5.21,5.09,83,0,1
27,4.64,6.26,82,1,1
35,6.4,5.0,84,1,1
26,5.11,4.12,59,0,0
24,5.07,4.58,93,0,1
34,5.04,4.38,56,1,0
24,5.59,7.63,85,0,1
35,5.72,4.83,88,1,1
24,6.0,5.83,75,0,1
24,5.31,4.54,80,0,1
35,6.79,5.2,93,1,1
28,4.34,3.96,74,1,0
27,3.71,5.48,88,0,1
33,4.41,5.18,74,1,1
24,4.08,4.0,79,0,1
27,4.04,4.48,79,0,1
25,4.57,5.32,75,0,1
28,4.32,5.29,84,1,1
27,3.93,5.19,63,0,0
34,4.2,4.88,76,1,1
28,4.52,3.71,81,1,1
25,4.59,4.2,79,0,1
24,5.42,5.08,88,0,1
24,3.1,4.33,71,0,0
27,3.03,4.33,68,0,0
35,4.78,7.43,85,1,1
27,5.46,4.85,71,1,0
27,5.37,4.59,81,1,1
21,5.26,4.52,74,0,0
24,6.86,4.25,89,0,1
24,3.46,4.63,71,0,0
28,4.59,4.71,79,1,1
26,5.37,4.77,81,1,1
27,5.75,4.67,86,1,1
27,5.18,3.81,61,1,0
21,4.91,4.71,45,0,0
24,6.4,6.21,84,0,1
25,5.0,3.76,73,0,0
35,4.92,4.83,67,1,0
24,4.08,4.67,79,0,1
23,4.41,4.52,74,0,0
24,3.71,5.96,88,0,1
27,4.42,3.37,71,1,0
28,4.96,5.07,67,1,0
27,4.54,5.41,54,1,0
35,6.0,4.83,79,1,1
34,5.69,5.26,97,1,1
26,4.27,4.23,73,0,0
28,4.27,4.43,73,1,0
27,6.86,3.89,89,1,1
24,3.62,4.5,54,0,0
24,4.97,6.17,77,0,1
24,5.83,5.33,71,0,0
25,5.17,5.08,86,0,1
25,4.46,5.0,77,0,1
34,3.42,4.79,63,1,0
23,4.45,3.74,77,0,1
35,5.0,6.29,74,1,1
28,4.29,5.71,63,1,0
24,3.48,4.79,78,0,1
28,5.71,3.54,79,1,1
25,3.93,5.92,57,0,0
25,3.58,4.44,79,0,1
28,5.43,5.68,76,1,1
27,5.21,4.59,83,1,1
24,4.8,4.08,96,0,1
24,4.5,4.42,67,0,0
24,5.12,4.67,76,0,1
26,4.65,5.42,62,0,0
24,4.29,4.79,63,0,0
27,4.18,4.33,68,0,0
34,4.92,4.38,83,1,1
27,4.82,3.96,79,1,1
23,4.96,5.7,75,0,1
27,4.27,5.26,58,0,0
29,4.14,6.07,52,1,0
33,4.69,4.15,77,1,1
34,4.85,5.35,56,1,0
27,4.0,5.07,70,0,0
24,4.0,4.25,70,0,0
28,4.43,5.36,48,1,0
34,6.73,4.41,81,1,1
33,6.79,5.97,93,1,1
29,4.09,4.24,73,1,0
24,4.09,3.67,54,0,0
27,4.67,5.3,71,1,0
34,4.91,5.35,77,1,1
27,3.71,3.89,54,0,0
35,3.44,5.2,88,1,1
22,5.08,5.5,71,0,0
33,5.14,5.97,86,1,1
26,4.07,4.77,54,0,0
24,4.52,4.5,70,0,0
33,4.78,5.76,70,1,0
27,4.0,5.3,70,0,0
24,4.76,2.5,70,0,0
27,5.15,4.59,70,1,0
34,5.09,6.18,76,1,1
26,5.94,6.85,71,1,0
25,4.46,5.92,71,0,0
26,5.12,4.46,76,0,1
27,5.82,3.89,76,1,1
26,4.16,4.96,76,0,1
22,4.41,3.14,78,0,1
24,6.38,4.96,75,0,1
35,4.92,5.63,83,1,1
26,4.92,4.54,83,0,1
24,5.08,5.71,92,0,1
27,3.79,4.48,71,0,0
25,4.37,5.68,63,0,0
23,5.0,6.3,56,0,0
25,4.91,2.92,71,0,0
27,4.39,5.41,75,1,1
28,4.43,5.93,75,1,1
28,4.57,5.04,75,1,1
28,4.29,5.43,63,1,0
24,5.38,4.67,71,0,0
24,4.91,4.13,68,0,0
32,4.4,4.72,88,1,1
28,6.25,5.57,71,1,0
35,4.04,4.14,63,1,0
35,4.14,5.49,52,1,0
34,4.27,4.91,58,1,0
21,6.0,3.67,75,0,1
24,4.52,5.13,70,0,0
25,4.04,4.84,59,0,0
25,5.7,5.32,61,0,0
22,5.34,4.64,72,0,0
25,5.36,4.84,75,0,1
22,5.75,4.09,86,0,1
24,4.07,4.29,54,0,0
24,4.79,5.08,88,0,1
24,4.66,7.63,83,0,1
28,4.67,6.29,67,1,0
34,7.32,3.15,88,1,1
24,4.64,4.25,79,0,1
24,5.13,6.0,79,0,1
35,6.37,6.26,74,1,1
33,6.21,5.06,85,1,1
28,5.96,5.71,74,1,1
33,3.89,5.33,59,1,0
25,5.18,4.08,82,0,1
22,4.04,4.5,64,0,0
27,5.07,3.63,81,1,1
24,4.42,4.5,58,0,0
22,5.17,3.14,86,0,1
35,5.0,4.51,74,1,0
26,4.67,4.12,89,0,1
28,4.93,4.93,70,1,0
29,5.45,3.24,67,1,0
25,5.07,5.68,93,0,1
24,4.27,5.21,73,0,0
23,7.32,2.57,88,0,1
27,5.21,3.37,73,1,0
24,4.43,4.25,75,0,1
34,3.62,5.21,54,1,0
35,6.79,5.03,93,1,1
24,3.79,4.38,71,0,0
28,4.41,4.57,59,1,0
24,4.47,4.25,68,0,0
24,5.48,5.83,70,0,0
21,5.15,5.76,71,0,0
35,6.52,3.86,65,1,0
25,5.38,4.08,71,0,0
34,4.4,5.35,71,1,0
27,5.36,5.33,80,1,1
25,3.71,4.44,88,0,1
28,5.67,4.86,63,1,0
24,6.67,6.17,88,0,1
27,4.54,4.41,68,1,0
22,6.52,5.5,74,0,1
35,5.09,4.66,74,1,0
27,6.34,6.78,83,1,1
27,5.44,4.59,62,1,0
24,4.34,4.79,83,0,1
22,4.45,4.5,77,0,1
21,5.46,3.95,86,0,1
28,3.77,5.29,59,1,0
35,4.54,4.51,54,1,0
27,5.26,4.59,74,1,0
28,4.67,4.61,89,1,1
33,5.0,4.15,77,1,1
28,5.17,4.18,86,1,1
26,5.0,4.58,77,0,1
22,6.34,3.68,83,0,1
27,6.19,6.26,71,1,0
22,4.42,5.5,76,0,1
34,4.89,5.26,75,1,1
26,3.92,4.88,67,0,0
35,4.42,5.63,83,1,1
21,3.78,3.67,74,0,0
24,4.58,4.21,63,0,0
25,5.83,7.0,71,0,0
28,4.27,5.0,65,1,0
27,4.66,5.81,80,1,1
28,5.61,4.43,86,1,1
25,6.34,4.44,83,1,1
35,4.09,3.09,54,1,0
34,5.12,6.18,76,1,1
35,5.46,4.14,54,1,0
24,7.29,5.25,75,1,1
35,4.46,4.86,71,1,0
33,6.52,4.79,74,1,1
24,7.32,5.33,88,1,1
27,4.5,5.41,63,1,0
28,4.42,3.96,58,1,0
27,3.42,4.33,88,0,1
34,4.67,5.26,89,1,1
27,5.67,4.52,86,1,1
28,4.29,3.71,58,1,0
24,6.19,2.96,71,0,0
28,4.83,5.43,80,1,1
27,4.86,6.78,71,1,0
27,5.4,4.0,77,1,1
21,4.85,4.29,65,0,0
24,4.66,5.83,80,0,1
27,5.59,4.67,85,1,1
24,3.79,3.92,50,0,0
24,3.67,4.25,48,0,0
24,4.54,6.04,54,0,0
35,4.91,5.03,45,1,0
28,5.18,4.21,61,1,0
35,5.44,4.63,76,1,1
27,5.96,5.52,74,1,1
24,3.71,6.21,88,0,1
33,5.13,3.85,83,1,1
27,4.64,4.81,82,1,1
25,6.37,3.76,74,1,0
24,4.78,4.13,85,0,1
35,4.42,3.86,71,1,0
33,4.67,4.15,71,1,0
24,5.15,6.17,70,0,0
27,4.67,6.22,71,1,0
24,4.93,5.33,78,0,1
35,3.67,5.49,48,1,0
26,5.13,5.42,74,0,1
24,5.15,6.17,70,0,0
35,4.3,4.83,65,1,0
24,4.3,4.79,65,0,0
27,3.79,6.07,46,0,0
26,3.73,4.23,65,0,0
26,5.13,4.12,79,0,1
33,3.83,5.12,83,1,1
22,4.83,4.41,67,0,0
23,4.61,4.52,65,0,0
28,4.27,5.25,65,1,0
35,4.92,4.83,67,1,0
28,4.36,5.43,84,1,1
27,5.74,6.22,81,1,1
27,4.61,3.89,65,1,0
27,5.74,6.22,81,1,1
27,5.43,6.07,76,1,1
24,5.08,4.29,71,0,0
24,5.44,4.92,62,0,0
32,5.0,5.03,80,1,1
27,5.36,4.78,80,1,1
28,3.56,4.79,63,1,0
27,5.56,5.52,78,1,1
24,4.97,4.67,77,0,1
33,5.7,5.06,61,1,0
33,4.27,5.33,62,1,0
26,5.19,4.77,67,0,0
35,5.15,4.57,70,1,0
27,4.29,4.33,58,1,0
27,5.13,5.33,79,1,1
24,4.61,4.54,65,0,0
27,3.42,4.07,63,0,0
28,5.69,5.18,97,1,1
26,4.33,4.23,67,0,0
24,5.91,4.0,79,0,1
26,3.79,4.69,71,0,0
27,5.46,4.59,71,1,0
24,3.62,4.13,54,0,0
28,5.71,5.93,79,1,1
28,5.44,4.93,94,1,1
23,4.64,3.74,82,0,1
24,4.27,5.0,73,0,0
28,5.46,4.96,86,1,1
34,5.36,5.26,80,1,1
33,4.27,5.06,65,1,0
25,5.08,4.84,92,0,1
27,4.41,4.0,59,1,0
27,3.89,6.26,59,0,0
27,5.07,5.11,93,1,1
24,4.06,4.96,79,0,1
28,3.73,4.32,65,1,0
26,5.26,5.42,82,0,1
27,3.56,4.52,59,0,0
24,3.87,4.63,70,0,0
28,4.67,5.71,64,1,0
27,4.76,4.67,70,1,0
24,3.7,4.79,70,0,0
25,4.66,4.12,80,0,1
26,5.61,5.42,86,1,1
25,5.96,6.0,83,0,1
23,5.39,4.52,82,0,1
34,4.91,4.91,45,1,0
35,5.89,4.14,81,1,1
35,4.52,5.26,70,1,0
24,5.21,4.0,63,0,0
29,3.17,4.79,67,1,0
24,4.46,4.29,77,0,1
29,4.83,4.24,86,1,1
22,4.46,4.41,77,0,1
34,4.09,5.21,59,1,0
35,5.11,5.49,59,1,0
23,3.42,4.09,88,0,1
28,4.67,3.71,64,1,0
25,5.21,4.4,63,0,0
27,4.5,5.07,67,1,0
25,4.56,2.92,82,0,1
27,5.46,5.81,86,1,1
28,5.75,4.93,86,1,1
28,3.48,4.43,78,1,1
25,3.83,4.08,83,0,1
24,4.42,5.63,71,0,0
29,4.67,6.07,67,1,0
27,5.19,4.48,67,1,0
35,5.39,5.0,82,1,1
24,3.42,4.25,71,0,0
24,4.3,5.83,76,0,1
24,6.3,5.0,82,0,1
27,4.63,4.33,79,1,1
25,4.71,4.08,63,0,0
24,6.94,4.5,94,0,1
24,5.46,4.29,86,0,1
22,5.07,4.5,79,0,1
35,4.85,7.43,56,1,0
27,4.31,2.7,77,1,1
29,4.57,4.79,75,1,1
26,4.92,4.88,67,0,0
26,4.93,4.69,68,0,0
34,4.6,4.41,66,1,0
28,4.89,5.29,75,1,1
28,4.96,5.43,81,1,1
24,3.73,4.13,65,0,0
25,4.82,5.04,86,0,1
27,3.71,4.67,88,0,1
26,6.3,3.92,82,1,1
21,5.4,4.43,77,0,1
26,5.46,4.23,71,1,0
35,5.04,6.63,83,1,1
27,5.37,6.22,81,1,1
34,4.48,5.82,74,1,1
26,3.79,5.27,50,0,0
27,3.17,5.63,69,0,0
24,4.83,3.46,67,0,0
32,4.71,4.72,63,1,0
33,5.13,4.36,83,1,1
33,4.63,4.15,79,1,1
28,3.54,5.68,42,1,0
33,5.38,5.97,71,1,0
35,4.0,5.4,63,1,0
24,5.41,5.33,81,0,1
26,4.91,4.69,45,0,0
24,5.56,4.33,78,0,1
25,5.56,5.68,78,0,1
24,6.0,4.0,79,0,1
28,5.75,5.04,86,1,1
28,4.8,5.36,96,1,1
23,5.38,4.09,71,0,0
26,4.72,6.58,68,0,0
34,6.4,4.68,84,1,1
24,5.29,5.21,67,0,0
24,4.61,4.29,65,0,0
33,5.29,5.85,67,1,0
24,5.48,4.67,52,0,0
29,3.46,6.07,68,1,0
33,3.17,3.79,69,1,0
34,7.0,3.15,75,1,0
25,7.48,4.2,84,1,1
28,6.25,5.71,71,1,0
27,5.15,5.52,71,1,0
23,5.61,3.65,86,0,1
27,5.48,5.48,70,1,0
24,3.46,4.33,68,0,0
24,5.29,4.5,67,0,0
24,4.93,5.46,70,0,0
34,5.08,5.21,88,1,1
28,4.81,5.18,85,1,1
27,5.38,4.85,71,1,0
35,5.44,6.26,76,1,1
22,3.03,4.32,68,0,0
28,3.89,5.18,81,1,1
27,5.59,3.52,93,1,1
25,4.97,5.92,77,0,1
24,5.27,4.63,77,0,1
35,4.64,6.63,82,1,1
27,4.34,4.52,83,1,1
26,3.67,4.88,48,0,0
24,5.71,4.67,79,0,1
35,5.94,5.09,71,1,0
24,4.08,5.04,79,0,1
28,6.34,5.93,83,1,1
35,4.89,5.03,75,1,1
26,5.48,4.96,71,1,0
24,4.52,4.79,81,0,1
24,4.93,3.46,68,0,0
24,4.41,4.33,74,0,0
28,4.52,5.29,70,1,0
34,5.42,5.82,88,1,1
24,4.52,6.17,81,0,1
25,5.13,7.0,74,0,1
28,5.36,5.04,56,1,0
25,4.09,6.0,59,0,0
29,4.81,5.52,74,1,1
35,5.6,6.26,86,1,1
35,4.04,4.51,79,1,1
24,6.17,5.21,71,0,0
26,5.48,6.85,70,1,0
32,4.31,4.72,77,1,1
28,4.29,4.96,58,1,0
24,5.75,5.04,86,0,1
28,5.31,4.54,80,1,1
27,5.77,4.48,64,1,0
27,4.42,4.48,76,1,1
34,4.25,4.76,71,1,0
22,4.81,4.64,85,0,1
27,4.07,3.89,48,0,0
27,5.36,4.3,80,1,1
34,4.71,5.26,63,1,0
35,4.62,6.63,79,1,1
24,3.79,6.0,86,0,1
28,4.17,3.71,63,1,0
25,4.16,3.76,76,0,1
28,5.44,3.96,94,1,1
27,6.86,6.07,89,1,1
24,3.87,3.67,70,0,0
27,4.82,5.48,79,1,1
26,5.38,4.23,77,1,1
26,5.45,4.88,67,1,0
27,5.67,5.33,86,1,1
24,5.74,4.13,81,0,1
23,4.37,4.52,63,0,0
24,5.21,3.46,73,0,0
21,4.54,4.43,65,0,0
27,5.77,5.26,64,1,0
24,3.7,6.04,70,0,0
29,4.16,4.48,76,1,1
27,4.21,4.48,61,0,0
35,3.42,6.26,88,1,1
27,4.27,4.33,62,0,0
34,4.04,4.53,59,1,0
27,5.14,5.33,86,1,1
28,5.82,4.43,89,1,1
24,4.46,2.92,77,0,1
27,5.07,4.04,93,1,1
21,6.86,4.71,89,0,1
25,5.26,5.08,74,0,1
27,4.75,4.3,82,1,1
24,5.19,5.13,67,0,0
24,5.26,3.46,74,0,0
28,4.27,4.21,65,1,0
33,4.33,5.76,50,1,0
28,4.08,4.96,79,1,1
27,5.94,4.7,71,1,0
35,5.0,4.14,80,1,1
35,6.67,5.2,88,1,1
33,3.79,5.85,71,1,0
24,6.44,4.29,93,0,1
28,5.07,5.07,93,1,1
24,5.49,2.92,74,0,0
27,5.18,5.33,61,1,0
27,6.3,4.07,82,1,1
28,4.86,4.32,71,1,0
21,4.14,4.43,52,0,0
24,4.83,4.88,80,0,1
28,4.27,5.68,65,1,0
27,5.26,4.07,63,1,0
21,4.45,5.76,77,0,1
22,5.59,4.41,93,0,1
35,4.32,4.86,84,1,1
25,5.07,4.16,81,0,1
29,4.04,5.52,59,1,0
27,3.56,3.96,63,0,0
28,6.19,4.43,76,1,1
24,5.04,4.88,83,0,1
27,4.63,5.48,79,1,1
33,4.04,5.33,64,1,0
25,4.89,3.68,75,0,1
28,5.0,5.71,73,1,1
25,4.42,4.4,76,0,1
28,4.66,4.32,83,1,1
24,4.18,4.13,68,0,0
33,5.0,4.15,75,1,1
35,4.54,5.03,54,1,0
32,5.59,4.59,85,1,1
24,4.52,4.08,70,0,0
24,4.5,6.17,63,0,0
24,4.43,6.83,48,0,0
21,5.04,3.95,83,0,1
27,5.44,4.67,76,1,1
23,4.03,2.57,74,0,0
25,4.08,4.12,79,0,1
21,4.88,3.95,71,0,0
21,4.31,4.29,77,0,1
25,4.48,4.4,74,0,0
27,4.65,5.33,62,1,0
28,4.83,4.18,86,1,1
27,4.71,5.81,80,1,1
29,5.92,5.52,71,1,0
24,5.78,4.63,85,0,1
29,3.79,5.52,86,1,1
24,3.42,3.46,71,0,0
29,3.71,5.52,88,1,1
25,5.44,5.32,62,0,0
28,4.07,5.04,48,1,0
25,4.75,5.04,82,0,1
22,4.91,3.68,68,0,0
27,4.09,4.48,54,0,0
27,3.56,2.7,63,0,0
35,5.18,5.2,82,1,1
27,4.96,4.48,67,1,0
26,4.09,4.46,73,0,0
23,4.0,3.65,63,0,0
24,4.52,5.0,60,0,0
24,4.09,4.67,48,0,0
27,5.48,5.07,70,1,0
34,4.31,4.38,77,1,1
24,4.88,6.0,71,0,0
23,5.74,3.7,81,0,1
35,4.58,4.63,67,1,0
34,4.92,4.68,67,1,0
24,5.08,2.5,71,0,0
28,7.54,5.0,88,1,1
24,4.32,5.96,84,0,1
32,3.1,4.72,71,1,0
22,5.07,3.14,81,0,1
35,4.64,7.43,79,1,1
25,5.48,4.96,68,0,0
25,7.29,5.92,75,1,1
29,3.79,5.59,46,1,0
24,3.89,4.38,81,0,1
28,4.93,4.57,68,1,0
24,4.64,4.67,79,0,1
27,6.3,3.63,82,1,1
22,4.42,5.5,76,0,1
27,3.73,2.7,65,0,0
21,5.13,5.19,83,0,1
26,3.79,5.42,71,0,0
34,4.96,3.15,81,1,1
24,5.82,2.5,76,0,0
28,4.3,5.18,78,1,1
28,3.46,5.25,71,1,0
24,4.55,5.33,70,0,0
34,4.54,4.38,65,1,0
24,5.14,4.38,77,0,1
27,4.43,4.52,68,1,0
28,5.0,5.18,75,1,1
28,4.3,4.79,65,1,0
24,4.47,3.46,68,0,0
27,5.36,6.22,64,1,0
24,5.74,6.83,83,0,1
26,5.83,4.88,71,1,0
27,4.96,5.48,81,1,1
24,5.26,5.33,82,0,1
24,3.52,6.42,67,0,0
24,4.65,6.21,62,0,0
25,5.91,4.12,79,0,1
28,4.92,4.64,69,1,0
35,5.96,4.57,74,1,0
27,3.44,4.7,88,0,1
24,5.39,4.79,82,0,1
27,4.04,4.33,64,0,0
26,3.03,4.23,68,0,0
25,4.09,4.84,59,0,0
27,4.89,5.07,75,1,1
26,5.26,4.46,63,0,0
24,4.52,3.79,62,0,0
24,4.91,5.88,68,0,0
24,5.4,4.58,92,0,1
24,5.17,6.29,61,0,0
26,4.08,4.69,79,0,1
24,4.58,4.29,67,0,0
24,4.04,4.96,79,0,1
29,4.78,4.24,85,1,1
22,3.54,5.09,42,0,0
35,4.56,5.09,59,1,0
27,5.49,5.19,74,1,1
23,5.45,2.57,79,0,1
27,4.3,5.41,65,1,0
27,5.08,2.96,71,1,0
28,5.09,4.57,74,1,0
21,4.08,4.29,79,0,1
21,5.11,4.71,59,0,0
27,3.67,4.48,81,0,1
27,4.82,5.59,79,1,1
35,4.03,5.03,74,1,1
28,4.18,4.86,68,1,0
24,3.62,3.79,54,0,0
34,4.83,4.38,67,1,0
32,3.78,4.72,67,1,0
24,5.36,4.54,80,0,1
24,4.96,4.79,81,0,1
24,4.57,5.96,75,0,1
28,3.78,5.04,65,1,0
25,4.42,7.12,76,0,1
25,3.44,4.96,88,0,1
25,4.46,4.44,71,0,0
34,5.78,4.91,85,1,1
26,4.63,4.23,79,0,1
34,5.48,5.29,71,1,0
26,4.2,4.46,76,0,1
27,7.48,5.19,84,1,1
26,5.08,4.46,88,0,1
27,5.17,5.85,61,1,0
24,5.38,5.63,71,0,0
24,5.11,4.67,59,0,0
34,5.07,5.06,79,1,1
27,4.29,5.11,63,1,0
34,4.67,5.21,71,1,0
27,6.44,4.89,93,1,1
27,5.5,4.78,75,1,1
28,4.86,5.43,71,1,0
28,4.16,3.71,76,1,1
27,5.91,6.78,79,1,1
21,4.17,4.43,63,0,0
24,5.48,4.38,59,0,0
35,5.7,5.03,61,1,0
25,4.29,5.0,63,0,0
34,4.92,4.79,83,1,1
22,3.56,3.68,63,0,0
25,3.79,5.0,75,0,1
34,4.08,5.29,67,1,0
27,4.78,5.85,70,1,0
27,4.58,4.44,67,1,0
33,3.58,5.94,79,1,1
27,5.91,4.07,79,1,1
27,4.5,5.63,63,1,0
24,5.48,5.71,52,0,0
24,6.86,4.58,89,0,1
34,3.83,4.41,83,1,1
35,3.1,5.0,71,1,0
28,3.46,5.18,58,1,0
22,5.44,5.09,76,0,1
27,4.76,4.67,70,1,0
28,5.74,4.64,81,1,1
23,6.44,5.87,84,0,1
33,4.92,5.94,69,1,0
33,6.17,5.94,71,1,0
33,3.78,4.15,67,1,0
23,5.36,3.7,64,0,0
28,4.41,5.25,74,1,1
25,6.3,4.4,82,1,1
24,3.79,5.71,86,0,1
22,5.83,3.68,71,0,0
25,4.08,3.68,67,0,0
29,4.86,5.52,71,1,0
35,4.71,4.54,83,1,1
27,5.0,5.07,77,1,1
32,3.77,4.59,89,1,1
35,6.0,4.54,79,1,1
24,4.27,3.79,65,0,0
35,5.44,4.6,76,1,1
27,5.48,5.07,68,1,0
24,3.17,4.25,67,0,0
24,4.63,5.08,74,0,1
24,4.83,4.08,80,0,1
21,4.27,5.19,67,0,0
29,5.45,4.24,67,1,0
28,5.37,3.71,81,1,1
26,4.25,4.73,71,0,0
28,4.52,5.93,81,1,1
24,4.91,5.33,77,0,1
27,4.54,5.48,65,1,0
34,5.56,4.24,78,1,1
24,4.16,4.29,76,0,1
24,4.25,4.63,71,0,0
24,4.48,4.88,74,0,1
24,4.04,5.04,59,0,0
25,5.0,3.68,74,0,0
35,5.36,4.54,64,1,0
27,5.18,4.0,61,1,0
22,4.36,5.09,80,0,1
35,4.96,4.54,81,1,1
27,3.93,4.33,59,0,0
24,4.38,6.42,71,0,0
24,3.23,5.17,54,0,0
27,3.77,6.22,59,0,0
27,4.72,2.96,68,1,0
32,4.96,4.72,75,1,1
22,4.66,4.09,83,0,1
29,5.71,5.59,79,1,1
28,3.79,4.21,71,1,0
27,4.65,4.48,62,1,0
24,5.0,6.04,74,0,1
27,5.75,4.33,86,1,1
24,5.36,4.79,80,0,1
24,3.89,4.79,59,0,0
26,3.17,3.88,69,0,0
24,4.33,4.25,67,0,0
28,4.64,5.93,82,1,1
24,3.67,3.79,54,0,0
28,5.21,5.25,63,1,0
29,3.78,5.86,74,1,1
34,4.41,4.41,78,1,1
24,4.18,4.29,68,0,0
28,3.03,5.57,68,0,0
27,5.86,5.26,52,1,0
24,3.79,5.33,50,0,0
33,5.78,5.94,85,1,1
26,6.4,4.73,84,1,1
29,3.03,5.52,68,1,0
33,4.08,5.94,79,1,1
27,3.79,5.11,86,0,1
24,5.59,4.75,93,0,1
24,4.67,6.42,71,0,0
26,5.78,4.88,85,1,1
24,5.82,5.88,76,0,1
27,4.64,5.85,82,1,1
28,4.17,5.07,63,1,0
24,4.92,4.63,69,0,0
25,3.46,3.76,71,0,0
26,5.07,4.38,79,0,1
35,5.74,6.63,83,1,1
24,5.74,2.96,78,0,1
34,7.54,5.29,88,1,1
23,4.81,5.17,74,0,1
27,5.18,5.33,82,1,1
24,6.37,5.63,74,0,1
33,3.46,5.76,58,1,0
28,5.45,5.57,67,1,0
27,5.18,4.48,61,1,0
23,4.16,3.48,76,0,1
33,4.36,3.85,84,1,1
26,3.83,6.58,83,0,1
26,5.36,4.23,80,1,1
21,5.24,4.71,64,0,0
21,4.3,5.57,76,0,1
24,6.86,4.92,89,0,1
23,4.91,5.87,77,0,1
25,4.76,4.96,70,0,0
24,3.1,4.13,71,0,0
26,4.86,6.58,71,0,0
23,4.52,4.52,62,0,0
28,4.72,5.68,68,1,0
27,4.76,4.89,68,1,0
35,3.23,5.0,54,1,0
24,3.42,5.96,71,0,0
21,4.93,3.95,78,0,1
25,3.58,4.84,79,0,1
34,4.83,3.15,67,1,0
27,5.07,5.48,79,1,1
26,5.4,4.73,77,1,1
25,4.92,4.4,69,0,0
27,4.36,5.93,64,1,0
23,5.39,4.09,82,0,1
24,5.15,5.71,70,0,0
33,4.43,3.85,68,1,0
22,3.46,3.14,58,0,0
21,4.34,3.95,83,0,1
35,4.93,5.2,68,1,0
23,5.78,3.7,85,0,1
34,4.27,5.82,58,1,0
24,4.04,4.29,63,0,0
25,5.21,4.08,83,0,1
24,4.58,4.67,63,0,0
35,3.79,5.0,86,1,1
34,3.46,4.38,61,1,0
28,4.18,5.68,68,1,0
24,4.54,5.0,65,0,0
34,5.69,4.29,97,1,1
24,5.13,5.13,79,0,1
28,4.58,4.57,67,1,0
25,5.82,4.08,76,0,1
24,6.0,4.79,79,0,1
24,4.27,5.33,62,0,0
24,5.39,5.83,82,0,1
35,4.88,5.0,68,1,0
35,5.13,6.29,83,1,1
34,7.48,4.29,84,1,1
24,5.36,3.92,64,0,0
33,4.82,5.76,64,1,0
28,3.88,4.93,71,1,0
24,4.27,5.33,58,0,0
21,5.41,3.67,81,0,1
24,4.16,3.63,76,0,1
24,4.4,5.96,88,0,1
34,3.62,4.29,43,1,0
28,3.77,4.71,89,1,1
24,3.83,4.67,83,0,1
24,4.52,4.54,70,0,0
34,5.5,5.21,75,1,1
27,5.71,4.59,79,1,1
35,5.07,3.86,79,1,1
24,4.45,3.25,77,0,1
33,4.07,5.76,48,1,0
21,3.89,4.43,81,0,1
25,4.04,4.12,79,0,1
27,4.08,4.52,79,0,1
27,5.19,4.7,67,1,0
28,4.93,6.29,78,1,1
28,5.27,5.36,77,1,1
22,5.45,4.32,79,0,1
21,5.09,4.71,76,0,1
35,5.96,5.03,74,1,1
25,4.66,5.32,80,0,1
21,4.0,5.57,70,0,0
24,4.63,5.88,67,0,0
27,4.88,5.63,71,1,0
22,4.78,6.0,70,0,0
35,3.43,5.4,61,1,0
27,5.78,4.67,85,1,1
21,5.49,5.57,74,0,1
27,6.21,5.63,85,1,1
24,5.44,4.96,62,0,0
28,5.72,4.96,88,1,1
21,4.85,4.29,56,0,0
26,3.73,6.58,65,0,0
25,5.13,5.92,79,0,1
23,5.26,6.3,82,0,1
24,4.81,5.21,85,0,1
27,3.93,5.85,63,0,0
24,4.88,4.0,71,0,0
35,6.94,6.26,94,1,1
28,4.63,4.43,79,1,1
24,5.63,4.67,58,0,0
25,3.62,4.4,43,0,0
35,4.64,6.63,91,1,1
35,5.74,4.6,81,1,1
25,4.92,3.76,67,0,0
25,4.08,5.32,79,0,1
27,4.86,4.89,71,1,0
24,4.58,4.5,63,0,0
28,5.08,3.89,92,1,1
21,3.79,4.43,50,0,0
27,3.89,5.63,81,0,1
27,5.48,3.81,59,1,0
28,3.56,5.57,63,1,0
28,4.75,5.43,82,1,1
33,5.13,3.85,74,1,0
22,4.57,5.5,83,0,1
35,3.62,7.43,43,1,0
35,5.96,4.86,83,1,1
28,5.15,5.93,70,1,0
33,3.56,4.21,63,1,0
24,3.03,4.29,68,0,0
35,5.48,4.51,68,1,0
26,5.44,3.92,62,1,0
26,5.74,4.77,78,1,1
34,4.27,4.68,65,1,0
27,4.89,3.63,75,1,0
24,4.88,4.67,68,0,0
35,4.4,4.86,71,1,0
35,5.69,5.26,97,1,1
25,3.79,3.44,67,0,0
24,4.25,4.29,71,0,0
29,3.71,4.79,54,1,0
26,5.08,3.88,88,0,1
35,4.33,5.51,67,1,0
27,5.96,4.48,74,1,0
25,5.09,4.4,76,0,1
35,5.08,4.57,88,1,1
22,5.86,5.09,52,0,0
24,4.79,5.88,68,0,0
24,5.08,4.0,71,0,0
28,5.91,5.36,79,1,1
23,5.37,3.65,81,0,1
28,5.0,5.29,75,1,1
24,4.63,5.83,79,0,1
34,4.08,6.18,58,1,0
27,4.58,4.52,67,1,0
24,4.04,4.13,63,0,0
28,5.44,4.71,84,1,1
27,5.59,3.81,93,1,1
27,5.08,5.96,92,1,1
21,5.18,3.67,61,0,0
27,4.43,5.93,75,1,1
28,4.07,4.93,54,1,0
28,5.48,4.07,71,1,0
22,5.46,4.09,71,0,0
28,4.82,4.07,86,1,1
27,3.79,4.07,50,0,0
35,4.83,3.09,80,1,1
28,3.17,4.57,67,0,0
34,3.78,4.79,65,1,0
28,3.1,4.54,71,0,0
24,5.77,4.79,64,0,0
24,5.18,3.67,61,0,0
28,5.69,3.54,97,1,1
25,4.3,7.0,76,0,1
24,3.17,2.5,69,0,0
28,6.3,5.68,82,1,1
24,3.83,2.96,88,0,1
28,4.96,4.18,67,1,0
24,3.58,4.5,79,0,1
21,5.36,3.67,56,0,0
24,4.06,5.88,79,0,1
34,5.08,3.15,88,1,1
27,5.17,5.48,86,1,1
27,4.96,5.81,67,1,0
27,4.09,5.93,54,0,0
29,5.27,6.07,77,1,1
22,4.3,3.68,78,0,1
27,3.42,4.52,71,0,0
24,5.21,3.46,73,0,0
25,4.52,4.4,81,0,1
28,4.31,5.43,80,1,1
22,4.91,5.09,45,0,0
25,4.3,4.44,76,0,1
27,4.08,4.67,79,0,1
23,4.82,4.52,86,0,1
24,3.17,5.83,69,0,0
28,6.86,3.71,89,1,1
26,4.04,6.58,79,0,1
26,7.0,4.38,75,1,1
28,4.93,5.25,74,1,1
34,5.26,4.26,74,1,0
27,4.82,5.41,79,1,1
24,4.92,4.5,69,0,0
25,5.48,5.68,59,0,0
34,5.36,4.79,64,1,0
23,5.13,5.87,83,0,1
27,4.17,6.22,63,0,0
26,3.78,4.12,74,0,0
34,4.78,5.26,85,1,1
23,5.74,4.52,81,0,1
27,4.96,3.56,75,1,0
27,4.33,2.96,50,1,0
23,4.92,5.13,83,0,1
22,4.33,7.05,50,0,0
28,7.0,6.11,75,1,1
26,4.67,4.58,67,0,0
28,6.34,4.21,83,1,1
27,5.74,4.48,83,1,1
24,6.67,2.96,88,0,1
24,5.46,4.92,86,0,1
24,6.4,5.63,84,0,1
34,4.92,5.29,69,1,0
26,4.89,3.88,75,0,1
33,3.79,5.06,75,1,1
27,5.18,4.7,82,1,1
21,4.39,5.76,75,0,1
27,3.78,4.44,67,0,0
27,5.46,4.7,86,1,1
33,4.67,5.33,71,1,0
23,4.3,5.13,76,0,1
24,4.42,4.5,71,0,0
21,5.26,5.57,63,0,0
29,5.44,5.52,62,1,0
22,4.5,3.14,63,0,0
24,4.57,3.67,75,0,1
24,4.64,4.79,82,0,1
22,4.31,4.41,80,0,1
27,4.34,5.07,74,1,1
33,4.71,5.97,83,1,1
27,4.47,3.63,68,1,0
28,5.4,4.43,77,1,1
24,5.36,4.79,56,0,0
33,4.76,5.33,68,1,0
24,4.36,5.96,64,0,0
24,4.27,5.13,65,0,0
24,4.83,4.79,86,0,1
28,5.72,5.68,88,1,1
29,3.48,4.48,78,1,1
24,3.52,4.79,67,0,0
34,5.13,5.29,74,1,1
25,3.42,4.4,63,0,0
27,3.42,5.41,63,0,0
24,4.43,4.25,68,0,0
27,3.52,4.3,67,0,0
33,4.92,5.94,69,1,0
22,5.49,3.68,74,0,0
21,3.89,3.95,81,0,1
33,3.61,4.15,78,1,1
27,3.56,4.89,63,0,0
24,6.52,5.88,65,0,0
24,4.66,4.67,83,0,1
34,4.0,4.88,58,1,0
27,4.55,5.19,67,1,0
35,5.14,3.71,86,1,1
24,6.25,4.13,71,0,0
24,4.52,6.21,81,0,1
27,4.79,4.48,88,1,1
28,3.61,5.43,78,1,1
24,5.67,4.54,63,0,0
25,3.85,4.4,65,0,0
28,3.62,5.93,54,1,0
28,5.08,4.61,92,1,1
35,4.08,7.43,79,1,1
24,4.57,4.29,83,0,1
24,4.63,4.13,74,0,0
24,4.8,5.96,96,0,1
32,4.91,5.03,45,1,0
24,5.91,4.88,79,0,1
27,4.67,6.78,67,1,0
25,4.03,5.32,74,0,1
24,5.61,4.92,86,0,1
27,4.46,4.52,71,1,0
21,3.79,3.67,46,0,0
23,4.83,3.7,86,0,1
29,6.37,5.86,74,1,1
21,4.2,3.95,76,0,1
25,4.04,5.0,59,0,0
25,5.15,5.68,70,0,0
28,3.54,5.18,42,1,0
27,5.96,5.96,74,1,1
24,5.0,3.46,56,0,0
27,5.48,4.33,68,1,0
27,5.48,5.63,52,1,0
22,3.93,6.0,57,0,0
27,6.19,4.59,76,1,1
35,5.86,5.46,52,1,0
27,7.54,4.48,88,1,1
24,5.86,4.08,52,0,0
33,4.96,5.97,75,1,1
34,4.41,5.06,74,1,1
28,5.0,5.18,74,1,1
23,4.66,4.52,80,0,1
35,5.07,4.86,81,1,1
25,4.58,4.96,67,0,0
28,5.07,5.5,79,1,1
27,4.27,5.85,67,0,0
24,4.82,5.0,79,0,1
21,5.91,3.67,79,0,1
35,4.63,5.26,74,1,1
22,4.64,5.5,79,0,1
25,5.21,4.2,73,0,0
35,6.21,5.03,85,1,1
27,4.18,4.07,68,0,0
34,3.93,4.24,63,1,0
22,4.27,3.14,65,0,0
34,5.44,4.88,62,1,0
35,5.45,4.86,67,1,0
24,4.27,6.04,62,0,0
24,4.66,4.5,80,0,1
24,4.78,5.88,85,0,1
24,3.93,5.88,63,0,0
24,5.74,4.75,78,0,1
24,5.56,5.21,78,0,1
33,5.4,4.15,92,1,1
25,5.08,3.68,65,0,0
24,6.44,2.5,93,0,1
26,5.48,4.73,70,1,0
24,4.93,4.29,74,0,0
27,4.83,4.59,80,1,1
34,4.4,4.88,71,1,0
35,4.93,7.43,70,1,0
33,4.66,5.33,80,1,1
28,3.62,3.96,67,1,0
24,6.52,3.46,65,0,0
23,4.67,4.09,67,0,0
25,5.17,5.92,86,0,1
21,3.93,4.52,63,0,0
24,3.89,5.33,59,0,0
24,4.52,4.88,62,0,0
24,5.11,4.5,59,0,0
33,5.67,5.33,86,1,1
33,6.11,4.15,68,1,0
28,5.13,5.57,79,1,1
24,4.46,2.96,71,0,0
24,4.41,5.96,59,0,0
24,5.68,4.25,86,0,1
28,3.89,5.04,59,1,0
24,3.62,4.42,43,0,0
23,4.41,3.74,78,0,1
28,4.86,5.04,71,1,0
28,4.14,4.43,52,1,0
22,6.3,6.0,82,0,1
26,5.68,4.96,86,1,1
25,4.08,2.92,79,0,1
25,3.73,4.08,65,0,0
25,4.04,4.16,64,0,0
27,4.52,5.07,81,1,1
28,5.96,4.71,83,1,1
24,3.42,6.42,63,0,0
27,4.67,5.81,71,1,0
24,6.21,5.88,85,0,1
22,5.94,5.09,71,0,0
22,5.44,7.05,94,0,1
29,6.79,4.48,93,1,1
24,5.67,4.54,63,0,0
34,5.69,5.82,86,1,1
24,4.92,4.79,67,0,0
21,4.85,5.76,56,0,0
24,6.52,5.88,74,0,1
27,4.71,4.3,63,1,0
23,5.68,3.7,86,0,1
27,3.43,4.44,61,0,0
21,6.25,4.71,71,0,0
28,5.96,5.57,74,1,1
34,4.64,5.82,79,1,1
26,4.27,3.88,65,0,0
24,4.56,4.38,82,0,1
24,5.59,6.29,93,0,1
23,4.2,3.65,76,0,1
22,6.67,5.09,88,0,1
35,5.12,5.46,76,1,1
35,3.93,4.66,63,1,0
26,3.42,5.27,71,0,0
27,4.31,5.96,77,1,1
33,5.07,4.36,79,1,1
24,5.44,4.79,62,0,0
35,4.57,5.0,83,1,1
23,5.71,5.13,79,0,1
29,5.42,5.59,88,1,1
28,4.36,5.93,80,1,1
27,4.89,4.04,75,1,1
23,4.08,3.65,58,0,0
26,5.33,6.58,79,1,1
27,4.52,5.26,81,1,1
25,3.89,4.68,81,0,1
26,4.54,4.69,68,0,0
24,3.1,4.33,71,0,0
28,5.36,3.71,75,1,1
22,3.79,5.09,67,0,0
24,4.2,4.0,76,0,1
27,3.56,4.33,63,0,0
21,3.62,3.67,54,0,0
25,4.86,4.08,71,0,0
35,4.88,3.09,71,1,0
22,4.96,4.5,67,0,0
35,5.09,4.57,74,1,0
25,5.48,4.68,52,0,0
27,5.19,4.3,67,1,0
24,4.92,4.96,69,0,0
24,5.0,5.46,80,0,1
24,4.83,4.38,80,0,1
27,5.26,4.67,82,1,1
24,3.42,4.88,71,0,0
25,3.79,4.16,86,0,1
27,4.96,3.89,75,1,1
33,5.4,5.33,92,1,1
21,4.72,4.52,68,0,0
27,4.61,3.81,65,1,0
25,5.15,5.0,71,0,0
27,5.63,5.59,58,1,0
21,4.71,4.29,83,0,1
24,4.67,4.5,89,0,1
24,4.48,5.63,74,0,1
24,3.7,4.29,70,0,0
23,4.5,6.3,67,0,0
26,5.11,4.73,59,0,0
24,4.76,2.96,68,0,0
25,6.21,4.96,85,0,1
27,4.52,4.48,70,1,0
23,4.4,3.65,88,0,1
24,6.52,5.17,65,0,0
28,5.26,3.96,74,1,0
35,6.19,3.09,71,1,0
28,6.73,4.57,81,1,1
21,4.09,3.95,54,0,0
22,4.04,5.09,64,0,0
23,5.35,3.65,76,0,1
24,4.58,4.25,67,0,0
24,6.3,3.79,82,0,1
27,3.23,5.85,54,0,0
23,4.54,4.09,54,0,0
28,4.96,5.5,75,1,1
25,3.92,4.84,67,0,0
29,3.85,3.24,65,1,0
27,5.26,5.11,74,1,1
28,3.79,5.5,75,1,1
24,6.0,6.17,79,0,1
27,5.78,4.52,85,1,1
28,3.79,6.29,46,1,0
28,4.93,4.57,78,1,1
24,4.29,6.04,63,0,0
28,4.42,4.93,76,1,1
24,4.39,5.96,75,0,1
22,6.52,4.09,65,0,0
27,4.54,6.26,65,1,0
23,4.42,6.3,58,0,0
24,5.26,2.92,82,0,1
28,5.96,4.57,83,1,1
28,6.44,4.57,93,1,1
34,5.0,4.79,80,1,1
27,3.48,5.07,78,0,1
24,4.82,4.33,64,0,0
24,3.78,4.88,74,0,1
26,5.26,4.77,82,0,1
26,5.18,6.85,61,0,0
27,3.1,5.41,71,0,0
25,4.78,3.76,85,0,1
27,4.38,5.96,71,1,0
27,4.83,5.96,80,1,1
24,4.5,6.08,63,0,0
25,4.2,6.8,76,0,1
21,4.21,4.52,61,0,0
27,3.93,4.04,57,0,0
26,4.08,4.58,58,0,0
28,7.32,3.96,88,1,1
33,6.0,5.12,79,1,1
34,3.56,4.76,59,1,0
35,4.92,4.86,83,1,1
35,6.0,4.86,79,1,1
26,3.78,4.88,74,0,1
25,5.48,7.0,52,0,0
27,6.3,4.04,82,1,1
24,4.3,7.63,78,0,1
35,4.4,6.26,88,1,1
24,4.42,4.38,76,0,1
34,6.52,4.41,65,1,0
27,3.73,3.89,65,0,0
28,5.71,4.71,79,1,1
33,5.13,4.15,79,1,1
35,5.67,5.26,63,1,0
26,4.97,4.46,77,0,1
27,5.68,4.41,86,1,1
25,5.75,5.72,86,0,1
24,3.79,4.13,46,0,0
27,5.68,4.44,86,1,1
28,5.44,4.93,94,1,1
23,5.74,2.57,83,0,1
23,6.52,4.52,65,0,0
34,4.82,4.76,86,1,1
27,5.26,4.7,63,1,0
27,4.06,5.33,79,0,1
25,4.27,4.4,58,0,0
22,3.42,5.5,63,0,0
35,4.97,4.86,77,1,1
34,4.83,5.82,86,1,1
35,5.17,5.63,86,1,1
27,5.26,5.48,63,1,0
34,6.4,6.18,84,1,1
27,4.16,5.33,76,0,1
28,4.67,4.93,64,1,0
21,6.19,4.71,71,0,0
27,6.0,5.19,75,1,1
28,4.79,5.18,88,1,1
28,4.42,5.36,71,1,0
29,4.66,3.24,80,1,1
28,4.42,3.54,83,1,1
24,3.62,5.08,43,0,0
35,3.23,5.49,54,1,0
24,5.12,6.42,76,0,1
34,4.88,4.26,71,1,0
28,4.09,5.71,48,1,0
25,4.76,4.4,68,0,0
24,5.21,4.13,73,0,0
22,5.36,7.05,56,0,0
24,4.67,3.67,89,0,1
27,4.04,3.81,59,0,0
26,4.69,4.73,77,0,1
24,4.79,4.33,68,0,0
34,4.67,5.06,86,1,1
28,4.76,5.71,68,1,0
25,4.46,4.12,71,0,0
24,4.41,4.67,78,0,1
23,4.83,5.7,80,0,1
33,5.0,5.06,75,1,1
23,4.43,4.09,75,0,1
33,4.91,5.33,77,1,1
35,5.92,4.86,77,1,1
24,5.67,2.96,86,0,1
26,6.94,4.54,94,1,1
28,4.33,5.25,71,1,0
24,3.73,5.42,65,0,0
35,5.08,4.83,92,1,1
24,6.67,3.46,88,0,1
23,6.44,3.65,93,0,1
24,4.55,4.67,67,0,0
24,5.75,2.5,86,0,1
22,5.0,4.5,56,0,0
33,4.42,4.15,71,1,0
33,5.17,5.18,86,1,1
24,3.79,4.67,86,0,1
35,4.85,4.54,56,1,0
34,3.46,3.15,61,1,0
27,4.2,5.63,76,0,1
27,4.43,2.96,68,1,0
25,4.5,4.12,67,0,0
28,5.74,4.57,78,1,1
24,4.52,3.67,81,0,1
28,5.59,3.71,93,1,1
27,5.0,4.48,77,1,1
24,5.21,5.13,73,0,0
28,4.63,5.04,67,1,0
25,4.86,3.76,71,0,0
33,5.29,4.45,67,1,0
24,4.43,4.29,48,0,0
28,4.56,4.57,82,1,1
24,5.42,4.33,88,0,1
26,5.08,4.77,71,0,0
33,4.48,5.76,74,1,1
35,7.29,4.83,75,1,1
25,5.36,3.68,80,0,1
35,5.21,5.4,73,1,0
35,5.12,5.63,76,1,1
26,5.0,4.46,73,0,0
28,3.77,4.54,59,1,0
34,5.33,6.18,79,1,1
24,3.46,4.13,61,0,0
24,4.93,4.88,68,0,0
33,4.0,5.18,70,1,0
33,6.0,5.27,79,1,1
28,4.07,3.71,54,1,0
33,4.41,4.36,78,1,1
27,6.4,5.19,84,1,1
27,5.59,4.67,93,1,1
22,5.36,4.64,80,0,1
23,4.6,5.87,66,0,0
28,6.17,4.96,71,1,0
24,6.19,5.42,76,0,1
28,3.83,3.71,83,1,1
33,3.3,4.79,78,1,1
23,4.17,3.87,63,0,0
35,4.69,5.46,77,1,1
26,5.48,4.58,71,1,0
21,3.62,3.86,43,0,0
27,5.71,5.11,79,1,1
23,4.76,4.52,68,0,0
25,5.69,3.68,86,0,1
22,5.26,5.09,63,0,0
28,4.5,5.36,63,1,0
27,4.66,4.41,80,1,1
35,5.61,5.03,86,1,1
28,5.74,5.04,81,1,1
26,4.85,4.96,65,0,0
24,4.76,4.63,70,0,0
35,4.34,3.09,74,1,0
22,4.04,4.32,59,0,0
21,4.36,4.71,80,0,1
27,7.0,5.33,75,1,1
23,5.39,4.52,82,0,1
34,3.78,5.82,67,1,0
33,4.31,4.36,77,1,1
27,5.67,3.56,63,1,0
34,4.83,5.82,67,1,0
28,4.43,4.07,48,1,0
33,6.44,4.36,84,1,1
24,4.43,6.0,75,0,1
24,5.56,4.88,78,0,1
26,5.09,4.46,76,0,1
24,4.08,5.46,79,0,1
32,5.74,4.72,83,1,1
22,3.89,4.32,81,0,1
34,5.5,4.29,75,1,1
26,5.38,3.88,71,1,0
24,4.54,6.04,65,0,0
24,5.43,4.25,76,0,1
27,4.58,5.07,63,1,0
35,3.79,3.71,71,1,0
24,4.45,5.63,77,0,1
27,4.46,5.33,71,1,0
24,7.32,5.71,88,1,1
28,6.96,3.89,70,1,0
27,5.36,4.52,64,1,0
25,6.86,4.44,89,1,1
23,4.4,4.52,88,0,1
27,5.18,3.89,82,1,1
32,4.83,5.03,67,1,0
23,4.54,5.13,68,0,0
24,4.36,4.08,84,0,1
25,3.46,3.76,61,0,0
24,3.46,4.79,71,0,0
24,5.7,4.29,61,0,0
24,6.73,4.13,81,0,1
35,4.88,5.49,71,1,0
25,5.46,3.44,86,0,1
28,4.8,4.64,96,1,1
27,4.09,5.07,48,0,0
27,5.48,5.33,71,1,0
25,4.3,5.72,78,0,1
31,5.72,5.71,88,1,1
28,4.67,5.68,67,1,0
25,3.62,4.2,54,0,0
27,4.67,4.52,86,1,1
22,5.36,4.32,80,0,1
25,3.46,4.84,58,0,0
33,4.96,4.79,67,1,0
34,5.36,5.26,80,1,1
28,4.08,5.18,58,1,0
24,6.37,4.63,74,0,0
24,3.77,4.54,89,0,1
27,4.89,6.07,75,1,1
26,4.27,4.73,65,0,0
35,5.18,3.09,82,1,1
24,4.04,4.33,63,0,0
29,5.59,4.48,93,1,1
22,5.08,5.5,88,0,1
27,4.09,4.52,54,0,0
23,5.19,5.7,67,0,0
25,3.83,5.32,71,0,0
27,4.33,5.85,67,1,0
24,3.42,4.96,88,0,1
24,4.32,5.96,84,0,1
28,6.86,4.57,89,1,1
24,4.96,5.96,75,0,1
29,6.86,5.52,89,1,1
23,5.35,4.09,76,0,1
35,3.62,4.86,43,1,0
28,5.82,4.57,76,1,1
33,5.41,5.27,81,1,1
24,4.67,7.63,86,0,1
24,5.39,3.67,82,0,1
25,5.36,4.16,75,0,1
28,4.34,5.07,74,1,1
23,3.17,5.17,67,0,0
35,5.36,4.86,64,1,0
27,5.38,4.07,71,1,0
24,5.75,4.13,86,0,1
27,5.0,4.67,80,1,1
24,5.44,4.13,94,0,1
21,5.89,3.95,81,0,1
24,5.26,6.04,74,0,1
29,4.88,5.59,71,1,0
34,4.29,5.26,63,1,0
26,4.79,4.77,88,0,1
21,4.5,5.57,63,0,0
27,4.79,3.96,68,1,0
27,4.3,6.22,78,1,1
24,3.62,4.21,67,0,0
25,5.67,4.4,86,0,1
23,5.36,5.87,64,0,0
24,4.07,5.21,54,0,0
27,5.26,5.63,74,1,1
28,4.88,6.11,68,1,0
24,4.96,6.83,75,0,1
35,4.78,5.26,85,1,1
24,6.79,3.63,93,0,1
34,4.42,4.38,71,1,0
29,4.18,3.24,68,1,0
22,4.31,4.41,77,0,1
27,4.32,5.96,84,1,1
24,4.88,5.88,68,0,0
24,5.92,4.13,71,0,0
29,5.07,5.59,93,1,1
34,4.85,4.91,56,1,0
22,5.36,4.64,80,0,1
33,5.36,5.85,64,1,0
24,3.54,5.17,42,0,0
24,4.36,4.54,80,0,1
27,3.61,4.78,78,0,1
34,5.13,4.24,83,1,1
21,5.35,3.86,76,0,1
24,4.83,5.88,86,0,1
24,5.27,2.5,77,0,1
26,5.15,5.42,70,0,0
35,5.36,4.57,64,1,0
22,4.56,3.14,59,0,0
23,6.4,3.87,84,0,1
25,4.08,4.08,58,0,0
24,4.78,4.5,85,0,1
24,5.13,4.29,74,0,0
33,4.69,5.97,77,1,1
23,5.36,4.52,64,0,0
24,5.4,4.63,77,0,1
33,3.58,3.79,79,1,1
28,5.14,5.18,86,1,1
24,4.27,4.33,67,0,0
27,5.6,4.44,86,1,1
29,4.89,5.59,75,1,1
27,5.13,6.26,74,1,1
24,3.1,3.67,71,0,0
24,4.18,4.58,68,0,0
25,3.71,5.68,54,0,0
24,4.57,5.88,75,0,1
34,5.78,4.79,85,1,1
24,5.21,3.25,83,0,1
28,4.64,4.57,91,1,1
33,4.07,4.45,54,1,0
28,4.38,4.64,71,1,0
27,4.46,4.48,71,1,0
28,5.48,4.96,71,1,0
34,4.62,5.35,79,1,1
25,4.29,6.0,63,0,0
27,4.96,4.67,67,1,0
26,3.77,4.96,59,0,0
27,4.92,4.07,83,1,1
25,5.27,7.12,77,0,1
25,5.44,3.44,76,0,1
24,4.04,5.88,59,0,0
27,5.18,5.3,61,1,0
27,4.66,4.52,80,1,1
24,4.6,5.96,66,0,0
27,3.79,5.11,46,0,0
29,3.54,5.52,42,1,0
27,4.89,4.07,75,1,1
32,5.82,4.59,89,1,1
28,5.0,4.57,73,1,0
27,5.0,2.96,77,1,1
32,4.07,4.59,48,1,0
27,5.39,5.48,82,1,1
27,4.34,4.67,74,1,1
28,5.13,4.32,74,1,0
33,5.18,3.79,61,1,0
35,4.46,5.63,71,1,0
24,5.78,4.67,85,0,1
22,4.92,5.09,69,0,0
33,5.15,5.06,71,1,0
24,5.24,6.04,64,0,0
24,5.74,4.29,83,0,1
26,3.58,4.38,79,0,1
29,4.09,4.24,73,1,0
27,4.63,4.48,67,1,0
24,4.06,5.33,79,0,1
34,4.04,5.06,59,1,0
32,5.82,5.03,89,1,1
22,4.66,4.64,83,0,1
22,4.82,6.0,79,0,1
24,6.19,5.17,71,0,0
33,6.19,5.76,71,1,0
26,7.29,4.88,75,1,1
24,3.61,5.5,78,0,1
25,3.93,5.32,63,0,0
24,4.69,4.75,77,0,1
26,4.31,4.23,77,0,1
26,5.13,6.58,74,0,1
27,4.07,3.56,48,0,0
24,5.46,6.17,71,0,0
34,4.29,4.53,58,1,0
27,4.69,4.04,77,1,1
25,3.67,4.12,54,0,0
23,4.8,5.7,96,0,1
28,3.73,5.43,65,1,0
24,4.31,4.54,80,0,1
27,4.66,3.81,80,1,1
28,5.67,5.43,63,1,0
22,3.56,4.41,59,0,0
24,3.73,5.0,65,0,0
33,4.97,5.85,77,1,1
34,4.81,4.88,74,1,1
23,5.24,4.09,64,0,0
25,5.38,7.12,77,0,1
27,3.67,2.96,81,0,1
24,4.52,5.88,60,0,0
35,7.32,4.57,88,1,1
27,4.71,4.48,83,1,1
24,3.17,4.67,67,0,0
26,3.79,4.23,46,0,0
25,3.46,4.4,58,0,0
34,5.83,4.91,71,1,0
23,4.36,3.7,64,0,0
24,4.8,4.25,96,0,1
27,3.1,5.96,71,0,0
27,3.71,5.3,88,0,1
24,3.79,4.29,67,0,0
24,5.96,5.71,74,0,1
27,4.65,4.41,62,1,0
24,6.19,4.13,76,0,1
24,5.15,5.5,71,0,0
26,4.56,4.58,59,0,0
35,4.67,5.49,63,1,0
24,5.74,4.88,81,0,1
23,4.42,4.09,71,0,0
24,5.82,6.04,76,0,1
24,6.44,6.17,93,0,1
24,6.25,4.25,71,0,0
24,4.52,4.33,70,0,0
24,3.78,4.67,74,0,1
24,4.92,4.42,83,0,1
33,4.36,4.15,80,1,1
22,4.09,5.5,48,0,0
24,5.59,5.04,93,0,1
24,4.0,4.96,58,0,0
27,4.58,5.48,63,1,0
26,5.94,4.96,71,1,0
35,4.83,4.51,80,1,1
24,4.29,6.17,63,0,0
24,4.29,6.04,58,0,0
27,6.83,4.85,83,1,1
26,4.96,6.85,67,0,0
35,6.79,5.51,93,1,1
28,4.52,4.96,81,1,1
29,4.09,6.07,54,1,0
27,3.58,5.41,79,0,1
25,5.72,5.32,88,0,1
35,5.17,4.54,86,1,1
28,4.91,3.71,77,1,1
24,5.08,4.08,65,0,0
25,5.26,4.12,63,0,0
27,4.36,3.89,80,1,1
22,3.62,7.05,43,0,0
35,4.64,7.43,79,1,1
25,4.5,4.4,67,0,0
27,5.69,5.26,97,1,1
28,3.93,6.29,57,1,0
27,5.41,4.67,81,1,1
24,5.36,3.46,75,0,0
27,4.63,4.0,74,1,0
24,5.21,4.29,73,0,0
27,4.09,4.7,73,0,0
25,5.33,4.44,79,0,1
27,4.61,5.85,65,1,0
28,7.54,5.57,88,1,1
27,4.81,5.07,85,1,1
26,5.08,4.23,92,0,1
26,3.73,4.77,65,0,0
26,5.41,4.38,81,1,1
27,4.3,5.07,65,1,0
28,4.8,5.29,96,1,1
24,5.45,6.08,79,0,1
24,4.96,4.79,75,0,1
25,5.46,4.84,86,0,1
26,4.25,5.42,71,0,0
28,3.23,5.71,54,0,0
35,3.78,5.0,67,1,0
29,4.33,4.48,67,1,0
24,7.32,4.29,88,1,1
25,3.42,6.8,63,0,0
25,5.49,5.0,74,0,1
28,5.71,5.5,79,1,1
21,5.44,4.52,76,0,1
29,4.76,4.48,68,1,0
24,5.18,4.25,61,0,0
25,4.67,5.72,71,0,0
34,4.64,4.24,82,1,1
24,5.48,6.42,52,0,0
24,3.42,4.5,63,0,0
35,4.09,3.71,73,1,0
35,5.26,5.03,82,1,1
35,5.94,3.71,71,1,0
35,5.07,3.86,81,1,1
35,3.3,5.26,78,1,1
27,5.75,3.37,86,1,1
27,5.43,6.78,76,1,1
28,3.71,5.0,88,1,1
27,4.0,5.41,63,0,0
34,4.09,5.82,59,1,0
23,4.83,5.13,80,0,1
25,4.66,5.0,83,0,1
27,4.32,4.78,84,1,1
28,4.5,5.18,63,1,0
25,3.71,2.92,54,0,0
25,3.3,4.44,78,0,1
35,4.81,5.46,74,1,1
28,3.3,5.18,78,1,1
27,4.64,5.11,91,1,1
22,4.04,4.64,59,0,0
24,3.42,4.54,88,0,1
28,6.52,4.93,65,1,0
27,4.36,4.89,84,1,1
35,3.62,3.71,54,1,0
24,4.92,5.63,69,0,0
23,4.57,3.48,83,0,1
28,5.41,5.93,84,1,1
28,5.75,4.86,86,1,1
25,5.36,4.16,80,0,1
26,4.92,3.92,67,0,0
